step,current_tab,predicted_top1,predicted_top3,prediction_match_top1,prediction_match_top3,prefetched,latency_ms
1,tab_16,tab_23,"tab_23,tab_16,tab_24",0,1,1,20.0
2,tab_7,tab_7,"tab_7,tab_23,tab_16",1,1,1,20.0
3,tab_7,tab_23,"tab_23,tab_16,tab_24",0,0,1,20.0
4,tab_23,tab_23,"tab_23,tab_16,tab_24",1,1,1,20.0
5,tab_24,tab_24,"tab_24,tab_7,tab_5",1,1,1,20.0
6,tab_5,tab_5,"tab_5,tab_23,tab_24",1,1,1,20.0
7,tab_16,tab_16,"tab_16,tab_7,tab_23",1,1,1,20.0
8,tab_7,tab_7,"tab_7,tab_16,tab_24",1,1,1,20.0
9,tab_24,tab_23,"tab_23,tab_16,tab_24",0,1,1,20.0
10,tab_16,tab_5,"tab_5,tab_23,tab_16",0,1,1,20.0
11,tab_7,tab_7,"tab_7,tab_16,tab_24",1,1,1,20.0
12,tab_23,tab_23,"tab_23,tab_16,tab_24",1,1,1,20.0
13,tab_24,tab_24,"tab_24,tab_7,tab_5",1,1,1,20.0
14,tab_5,tab_5,"tab_5,tab_23,tab_24",1,1,1,20.0
15,tab_16,tab_16,"tab_16,tab_7,tab_23",1,1,1,20.0
16,tab_7,tab_7,"tab_7,tab_16,tab_24",1,1,1,20.0
17,tab_23,tab_23,"tab_23,tab_16,tab_24",1,1,1,20.0
18,tab_23,tab_24,"tab_24,tab_7,tab_5",0,0,1,20.0
19,tab_24,tab_24,"tab_24,tab_7,tab_23",1,1,1,20.0
20,tab_5,tab_5,"tab_5,tab_23,tab_24",1,1,1,20.0
21,tab_16,tab_16,"tab_16,tab_7,tab_23",1,1,1,20.0
22,tab_7,tab_7,"tab_7,tab_16,tab_24",1,1,1,20.0
23,tab_23,tab_23,"tab_23,tab_16,tab_24",1,1,1,20.0
24,tab_24,tab_24,"tab_24,tab_7,tab_5",1,1,1,20.0
25,tab_5,tab_5,"tab_5,tab_23,tab_24",1,1,1,20.0
26,tab_12,tab_16,"tab_16,tab_7,tab_23",0,0,1,20.0
27,tab_16,tab_7,tab_7,0,0,1,20.0
28,tab_7,tab_7,"tab_7,tab_16,tab_24",1,1,1,20.0
29,tab_23,tab_23,"tab_23,tab_16,tab_24",1,1,1,20.0
30,tab_24,tab_24,"tab_24,tab_7,tab_5",1,1,1,20.0
31,tab_5,tab_5,"tab_5,tab_23,tab_24",1,1,1,20.0
32,tab_23,tab_16,"tab_16,tab_7,tab_23",0,1,1,20.0
33,tab_16,tab_24,"tab_24,tab_7,tab_23",0,0,1,20.0
34,tab_7,tab_7,"tab_7,tab_16,tab_24",1,1,1,20.0
35,tab_23,tab_23,"tab_23,tab_16,tab_24",1,1,1,20.0
36,tab_24,tab_24,"tab_24,tab_7,tab_5",1,1,1,20.0
37,tab_5,tab_5,"tab_5,tab_23,tab_24",1,1,1,20.0
38,tab_5,tab_16,"tab_16,tab_7,tab_23",0,0,1,20.0
39,tab_16,tab_16,"tab_16,tab_7,tab_23",1,1,1,20.0
40,tab_7,tab_7,"tab_7,tab_16,tab_24",1,1,1,20.0
41,tab_23,tab_23,"tab_23,tab_16,tab_24",1,1,1,20.0
42,tab_24,tab_24,"tab_24,tab_7,tab_5",1,1,1,20.0
43,tab_5,tab_5,"tab_5,tab_23,tab_24",1,1,1,20.0
44,tab_16,tab_16,"tab_16,tab_7,tab_23",1,1,1,20.0
45,tab_5,tab_7,"tab_7,tab_16,tab_24",0,0,1,20.0
46,tab_16,tab_16,"tab_16,tab_5,tab_7",1,1,1,20.0
47,tab_7,tab_7,"tab_7,tab_16,tab_24",1,1,1,20.0
48,tab_23,tab_23,"tab_23,tab_16,tab_24",1,1,1,20.0
49,tab_23,tab_24,"tab_24,tab_7,tab_5",0,0,1,20.0
50,tab_24,tab_24,"tab_24,tab_7,tab_23",1,1,1,20.0
51,tab_5,tab_5,"tab_5,tab_23,tab_24",1,1,1,20.0
52,tab_5,tab_16,"tab_16,tab_7,tab_23",0,0,1,20.0
53,tab_16,tab_16,"tab_16,tab_7,tab_5",1,1,1,20.0
54,tab_7,tab_7,"tab_7,tab_16,tab_24",1,1,1,20.0
55,tab_23,tab_23,"tab_23,tab_16,tab_24",1,1,1,20.0
56,tab_24,tab_24,"tab_24,tab_7,tab_23",1,1,1,20.0
57,tab_5,tab_5,"tab_5,tab_23,tab_24",1,1,1,20.0
58,tab_16,tab_16,"tab_16,tab_7,tab_5",1,1,1,20.0
59,tab_7,tab_7,"tab_7,tab_16,tab_24",1,1,1,20.0
60,tab_23,tab_23,"tab_23,tab_16,tab_24",1,1,1,20.0
61,tab_24,tab_24,"tab_24,tab_7,tab_23",1,1,1,20.0
62,tab_5,tab_5,"tab_5,tab_23,tab_24",1,1,1,20.0
63,tab_23,tab_16,"tab_16,tab_7,tab_5",0,0,1,20.0
64,tab_19,tab_24,"tab_24,tab_7,tab_23",0,0,0,100.0
65,tab_23,tab_5,"tab_5,tab_23,tab_24",0,1,1,20.0
66,tab_24,tab_24,"tab_24,tab_7,tab_23",1,1,1,20.0
67,tab_5,tab_5,"tab_5,tab_23,tab_24",1,1,1,20.0
68,tab_16,tab_16,"tab_16,tab_7,tab_23",1,1,1,20.0
69,tab_7,tab_7,"tab_7,tab_16,tab_24",1,1,1,20.0
70,tab_23,tab_23,"tab_23,tab_16,tab_24",1,1,1,20.0
71,tab_24,tab_24,"tab_24,tab_7,tab_23",1,1,1,20.0
72,tab_5,tab_5,"tab_5,tab_23,tab_24",1,1,1,20.0
73,tab_16,tab_16,"tab_16,tab_7,tab_23",1,1,1,20.0
74,tab_7,tab_7,"tab_7,tab_16,tab_24",1,1,1,20.0
75,tab_23,tab_23,"tab_23,tab_16,tab_24",1,1,1,20.0
76,tab_24,tab_24,"tab_24,tab_7,tab_23",1,1,1,20.0
77,tab_5,tab_5,"tab_5,tab_23,tab_24",1,1,1,20.0
78,tab_16,tab_16,"tab_16,tab_7,tab_23",1,1,1,20.0
79,tab_7,tab_7,"tab_7,tab_16,tab_24",1,1,1,20.0
80,tab_24,tab_23,"tab_23,tab_16,tab_24",0,1,1,20.0
81,tab_5,tab_5,"tab_5,tab_16,tab_23",1,1,1,20.0
82,tab_24,tab_16,"tab_16,tab_7,tab_23",0,0,1,20.0
83,tab_5,tab_5,"tab_5,tab_23,tab_16",1,1,1,20.0
84,tab_16,tab_16,"tab_16,tab_7,tab_23",1,1,1,20.0
85,tab_7,tab_7,"tab_7,tab_16,tab_24",1,1,1,20.0
86,tab_23,tab_23,"tab_23,tab_16,tab_24",1,1,1,20.0
87,tab_24,tab_24,"tab_24,tab_7,tab_23",1,1,1,20.0
88,tab_5,tab_5,"tab_5,tab_23,tab_24",1,1,1,20.0
89,tab_24,tab_16,"tab_16,tab_7,tab_23",0,0,1,20.0
90,tab_5,tab_5,"tab_5,tab_23,tab_16",1,1,1,20.0
91,tab_16,tab_16,"tab_16,tab_7,tab_23",1,1,1,20.0
92,tab_7,tab_7,"tab_7,tab_16,tab_24",1,1,1,20.0
93,tab_23,tab_23,"tab_23,tab_16,tab_24",1,1,1,20.0
94,tab_24,tab_24,"tab_24,tab_7,tab_23",1,1,1,20.0
95,tab_5,tab_5,"tab_5,tab_23,tab_24",1,1,1,20.0
96,tab_16,tab_16,"tab_16,tab_7,tab_23",1,1,1,20.0
97,tab_7,tab_7,"tab_7,tab_16,tab_24",1,1,1,20.0
98,tab_23,tab_23,"tab_23,tab_16,tab_24",1,1,1,20.0
99,tab_24,tab_24,"tab_24,tab_7,tab_23",1,1,1,20.0
100,tab_5,tab_5,"tab_5,tab_23,tab_24",1,1,1,20.0
101,tab_7,tab_16,"tab_16,tab_7,tab_23",0,1,1,20.0
102,tab_23,tab_23,"tab_23,tab_16,tab_24",1,1,1,20.0
103,tab_24,tab_24,"tab_24,tab_7,tab_23",1,1,1,20.0
104,tab_5,tab_5,"tab_5,tab_23,tab_24",1,1,1,20.0
105,tab_23,tab_16,"tab_16,tab_7,tab_23",0,1,1,20.0
106,tab_24,tab_24,"tab_24,tab_7,tab_23",1,1,1,20.0
107,tab_1,tab_5,"tab_5,tab_23,tab_24",0,0,0,100.0
108,tab_23,tab_5,"tab_5,tab_24,tab_23",0,1,1,20.0
109,tab_24,tab_24,"tab_24,tab_7,tab_23",1,1,1,20.0
110,tab_5,tab_5,"tab_5,tab_23,tab_24",1,1,1,20.0
111,tab_16,tab_16,"tab_16,tab_7,tab_23",1,1,1,20.0
112,tab_7,tab_7,"tab_7,tab_16,tab_24",1,1,1,20.0
113,tab_23,tab_23,"tab_23,tab_16,tab_24",1,1,1,20.0
114,tab_5,tab_24,"tab_24,tab_7,tab_23",0,0,1,20.0
115,tab_16,tab_16,"tab_16,tab_24,tab_7",1,1,1,20.0
116,tab_24,tab_7,"tab_7,tab_16,tab_24",0,1,1,20.0
117,tab_7,tab_5,"tab_5,tab_23,tab_0",0,0,1,20.0
118,tab_5,tab_23,"tab_23,tab_16,tab_24",0,0,1,20.0
119,tab_16,tab_16,"tab_16,tab_7,tab_23",1,1,1,20.0
120,tab_7,tab_7,"tab_7,tab_24,tab_16",1,1,1,20.0
121,tab_23,tab_23,"tab_23,tab_16,tab_24",1,1,1,20.0
122,tab_24,tab_24,"tab_24,tab_7,tab_5",1,1,1,20.0
123,tab_5,tab_5,"tab_5,tab_23,tab_24",1,1,1,20.0
124,tab_16,tab_16,"tab_16,tab_7,tab_23",1,1,1,20.0
125,tab_7,tab_7,"tab_7,tab_24,tab_16",1,1,1,20.0
126,tab_16,tab_23,"tab_23,tab_16,tab_24",0,1,1,20.0
127,tab_7,tab_7,"tab_7,tab_24,tab_23",1,1,1,20.0
128,tab_23,tab_23,"tab_23,tab_16,tab_24",1,1,1,20.0
129,tab_24,tab_24,"tab_24,tab_7,tab_5",1,1,1,20.0
130,tab_5,tab_5,"tab_5,tab_23,tab_24",1,1,1,20.0
131,tab_16,tab_16,"tab_16,tab_7,tab_23",1,1,1,20.0
132,tab_7,tab_7,"tab_7,tab_24,tab_16",1,1,1,20.0
133,tab_23,tab_23,"tab_23,tab_16,tab_24",1,1,1,20.0
134,tab_24,tab_24,"tab_24,tab_7,tab_5",1,1,1,20.0
135,tab_29,tab_5,"tab_5,tab_23,tab_24",0,0,1,20.0
136,tab_7,tab_7,"tab_7,tab_24",1,1,1,20.0
137,tab_23,tab_23,"tab_23,tab_16,tab_24",1,1,1,20.0
138,tab_16,tab_24,"tab_24,tab_7,tab_5",0,0,1,20.0
139,tab_7,tab_7,"tab_7,tab_24,tab_16",1,1,1,20.0
140,tab_23,tab_23,"tab_23,tab_16,tab_24",1,1,1,20.0
141,tab_24,tab_24,"tab_24,tab_7,tab_5",1,1,1,20.0
142,tab_5,tab_5,"tab_5,tab_23,tab_24",1,1,1,20.0
143,tab_16,tab_16,"tab_16,tab_7,tab_23",1,1,1,20.0
144,tab_7,tab_7,"tab_7,tab_24,tab_16",1,1,1,20.0
145,tab_23,tab_23,"tab_23,tab_16,tab_24",1,1,1,20.0
146,tab_24,tab_24,"tab_24,tab_7,tab_5",1,1,1,20.0
147,tab_23,tab_5,"tab_5,tab_23,tab_24",0,1,1,20.0
148,tab_24,tab_24,"tab_24,tab_7,tab_23",1,1,1,20.0
149,tab_5,tab_5,"tab_5,tab_23,tab_24",1,1,1,20.0
150,tab_16,tab_16,"tab_16,tab_7,tab_23",1,1,1,20.0
151,tab_7,tab_7,"tab_7,tab_24,tab_16",1,1,1,20.0
152,tab_23,tab_23,"tab_23,tab_16,tab_24",1,1,1,20.0
153,tab_5,tab_24,"tab_24,tab_7,tab_5",0,1,1,20.0
154,tab_5,tab_16,"tab_16,tab_24,tab_7",0,0,1,20.0
155,tab_16,tab_16,"tab_16,tab_7,tab_23",1,1,1,20.0
156,tab_7,tab_7,"tab_7,tab_24,tab_16",1,1,1,20.0
157,tab_23,tab_23,"tab_23,tab_16,tab_24",1,1,1,20.0
158,tab_24,tab_24,"tab_24,tab_5,tab_7",1,1,1,20.0
159,tab_5,tab_5,"tab_5,tab_23,tab_24",1,1,1,20.0
160,tab_23,tab_16,"tab_16,tab_7,tab_23",0,1,1,20.0
161,tab_24,tab_24,"tab_24,tab_7,tab_5",1,1,1,20.0
162,tab_12,tab_5,"tab_5,tab_23,tab_24",0,0,1,20.0
163,tab_16,tab_7,"tab_7,tab_16",0,1,1,20.0
164,tab_5,tab_7,"tab_7,tab_24,tab_16",0,0,1,20.0
165,tab_16,tab_16,"tab_16,tab_5,tab_23",1,1,1,20.0
166,tab_7,tab_7,"tab_7,tab_24,tab_16",1,1,1,20.0
167,tab_23,tab_23,"tab_23,tab_16,tab_24",1,1,1,20.0
168,tab_24,tab_24,"tab_24,tab_5,tab_7",1,1,1,20.0
169,tab_5,tab_5,"tab_5,tab_23,tab_24",1,1,1,20.0
170,tab_16,tab_16,"tab_16,tab_23,tab_7",1,1,1,20.0
171,tab_7,tab_7,"tab_7,tab_24,tab_16",1,1,1,20.0
172,tab_23,tab_23,"tab_23,tab_16,tab_24",1,1,1,20.0
173,tab_24,tab_24,"tab_24,tab_5,tab_7",1,1,1,20.0
174,tab_5,tab_5,"tab_5,tab_23,tab_24",1,1,1,20.0
175,tab_7,tab_16,"tab_16,tab_23,tab_7",0,1,1,20.0
176,tab_23,tab_23,"tab_23,tab_16,tab_24",1,1,1,20.0
177,tab_24,tab_24,"tab_24,tab_5,tab_7",1,1,1,20.0
178,tab_5,tab_5,"tab_5,tab_23,tab_24",1,1,1,20.0
179,tab_16,tab_16,"tab_16,tab_7,tab_23",1,1,1,20.0
180,tab_7,tab_7,"tab_7,tab_24,tab_16",1,1,1,20.0
181,tab_23,tab_23,"tab_23,tab_16,tab_24",1,1,1,20.0
182,tab_24,tab_24,"tab_24,tab_5,tab_7",1,1,1,20.0
183,tab_5,tab_5,"tab_5,tab_23,tab_24",1,1,1,20.0
184,tab_16,tab_16,"tab_16,tab_7,tab_23",1,1,1,20.0
185,tab_7,tab_7,"tab_7,tab_24,tab_16",1,1,1,20.0
186,tab_23,tab_23,"tab_23,tab_16,tab_24",1,1,1,20.0
187,tab_24,tab_24,"tab_24,tab_5,tab_7",1,1,1,20.0
188,tab_5,tab_5,"tab_5,tab_23,tab_24",1,1,1,20.0
189,tab_11,tab_16,"tab_16,tab_7,tab_23",0,0,1,20.0
190,tab_24,tab_4,tab_4,0,0,1,20.0
191,tab_5,tab_5,"tab_5,tab_23,tab_16",1,1,1,20.0
192,tab_7,tab_16,"tab_16,tab_7,tab_23",0,1,1,20.0
193,tab_23,tab_23,"tab_23,tab_16,tab_24",1,1,1,20.0
194,tab_24,tab_24,"tab_24,tab_5,tab_7",1,1,1,20.0
195,tab_5,tab_5,"tab_5,tab_23,tab_24",1,1,1,20.0
196,tab_16,tab_16,"tab_16,tab_7,tab_23",1,1,1,20.0
197,tab_7,tab_7,"tab_7,tab_24,tab_16",1,1,1,20.0
198,tab_23,tab_23,"tab_23,tab_16,tab_24",1,1,1,20.0
199,tab_5,tab_24,"tab_24,tab_5,tab_7",0,1,1,20.0
200,tab_16,tab_16,"tab_16,tab_24,tab_7",1,1,1,20.0
201,tab_7,tab_7,"tab_7,tab_24,tab_16",1,1,1,20.0
202,tab_24,tab_23,"tab_23,tab_16,tab_24",0,1,1,20.0
203,tab_23,tab_5,"tab_5,tab_16,tab_23",0,1,1,20.0
204,tab_24,tab_24,"tab_24,tab_5,tab_7",1,1,1,20.0
205,tab_5,tab_5,"tab_5,tab_23,tab_24",1,1,1,20.0
206,tab_16,tab_16,"tab_16,tab_7,tab_23",1,1,1,20.0
207,tab_5,tab_7,"tab_7,tab_24,tab_16",0,0,1,20.0
208,tab_24,tab_16,"tab_16,tab_5,tab_7",0,0,1,20.0
209,tab_5,tab_5,"tab_5,tab_23,tab_16",1,1,1,20.0
210,tab_16,tab_16,"tab_16,tab_7,tab_23",1,1,1,20.0
211,tab_7,tab_7,"tab_7,tab_24,tab_16",1,1,1,20.0
212,tab_16,tab_23,"tab_23,tab_16,tab_24",0,1,1,20.0
213,tab_7,tab_7,"tab_7,tab_24,tab_23",1,1,1,20.0
214,tab_23,tab_23,"tab_23,tab_16,tab_24",1,1,1,20.0
215,tab_24,tab_24,"tab_24,tab_5,tab_7",1,1,1,20.0
216,tab_5,tab_5,"tab_5,tab_23,tab_24",1,1,1,20.0
217,tab_16,tab_16,"tab_16,tab_7,tab_23",1,1,1,20.0
218,tab_16,tab_7,"tab_7,tab_24,tab_16",0,1,1,20.0
219,tab_7,tab_7,"tab_7,tab_23,tab_16",1,1,1,20.0
220,tab_23,tab_23,"tab_23,tab_16,tab_24",1,1,1,20.0
221,tab_24,tab_24,"tab_24,tab_5,tab_7",1,1,1,20.0
222,tab_16,tab_5,"tab_5,tab_23,tab_24",0,0,1,20.0
223,tab_7,tab_7,"tab_7,tab_16,tab_24",1,1,1,20.0
224,tab_23,tab_23,"tab_23,tab_16,tab_24",1,1,1,20.0
225,tab_24,tab_24,"tab_24,tab_5,tab_7",1,1,1,20.0
226,tab_5,tab_5,"tab_5,tab_23,tab_24",1,1,1,20.0
227,tab_5,tab_16,"tab_16,tab_7,tab_23",0,0,1,20.0
228,tab_27,tab_16,"tab_16,tab_7,tab_23",0,0,0,100.0
229,tab_24,tab_5,"tab_5,tab_24,tab_23",0,1,1,20.0
230,tab_5,tab_5,"tab_5,tab_23,tab_16",1,1,1,20.0
231,tab_16,tab_16,"tab_16,tab_7,tab_23",1,1,1,20.0
232,tab_7,tab_7,"tab_7,tab_16,tab_24",1,1,1,20.0
233,tab_23,tab_23,"tab_23,tab_16,tab_24",1,1,1,20.0
234,tab_24,tab_24,"tab_24,tab_5,tab_7",1,1,1,20.0
235,tab_24,tab_5,"tab_5,tab_23,tab_24",0,1,1,20.0
236,tab_5,tab_5,"tab_5,tab_23,tab_16",1,1,1,20.0
237,tab_16,tab_16,"tab_16,tab_7,tab_23",1,1,1,20.0
238,tab_7,tab_7,"tab_7,tab_16,tab_24",1,1,1,20.0
239,tab_5,tab_23,"tab_23,tab_16,tab_24",0,0,1,20.0
240,tab_16,tab_16,"tab_16,tab_7,tab_23",1,1,1,20.0
241,tab_7,tab_7,"tab_7,tab_16,tab_24",1,1,1,20.0
242,tab_23,tab_23,"tab_23,tab_16,tab_24",1,1,1,20.0
243,tab_24,tab_24,"tab_24,tab_5,tab_7",1,1,1,20.0
244,tab_24,tab_5,"tab_5,tab_23,tab_24",0,1,1,20.0
245,tab_5,tab_5,"tab_5,tab_23,tab_24",1,1,1,20.0
246,tab_16,tab_16,"tab_16,tab_7,tab_23",1,1,1,20.0
247,tab_5,tab_7,"tab_7,tab_16,tab_24",0,0,1,20.0
248,tab_16,tab_16,"tab_16,tab_5,tab_7",1,1,1,20.0
249,tab_7,tab_7,"tab_7,tab_16,tab_24",1,1,1,20.0
250,tab_23,tab_23,"tab_23,tab_16,tab_24",1,1,1,20.0
251,tab_24,tab_24,"tab_24,tab_5,tab_7",1,1,1,20.0
252,tab_5,tab_5,"tab_5,tab_23,tab_24",1,1,1,20.0
253,tab_16,tab_16,"tab_16,tab_7,tab_23",1,1,1,20.0
254,tab_7,tab_7,"tab_7,tab_16,tab_24",1,1,1,20.0
255,tab_23,tab_23,"tab_23,tab_16,tab_24",1,1,1,20.0
256,tab_7,tab_24,"tab_24,tab_5,tab_7",0,1,1,20.0
257,tab_23,tab_23,"tab_23,tab_16,tab_24",1,1,1,20.0
258,tab_24,tab_24,"tab_24,tab_5,tab_7",1,1,1,20.0
259,tab_24,tab_5,"tab_5,tab_23,tab_24",0,1,1,20.0
260,tab_24,tab_5,"tab_5,tab_23,tab_24",0,1,1,20.0
261,tab_5,tab_5,"tab_5,tab_24,tab_23",1,1,1,20.0
262,tab_16,tab_16,"tab_16,tab_7,tab_23",1,1,1,20.0
263,tab_17,tab_7,"tab_7,tab_16,tab_24",0,0,1,20.0
264,tab_16,tab_24,"tab_24,tab_23",0,0,1,20.0
265,tab_24,tab_7,"tab_7,tab_16,tab_24",0,1,1,20.0
266,tab_5,tab_5,"tab_5,tab_23,tab_24",1,1,1,20.0
267,tab_16,tab_16,"tab_16,tab_7,tab_23",1,1,1,20.0
268,tab_7,tab_7,"tab_7,tab_16,tab_24",1,1,1,20.0
269,tab_23,tab_23,"tab_23,tab_16,tab_24",1,1,1,20.0
270,tab_24,tab_24,"tab_24,tab_5,tab_7",1,1,1,20.0
271,tab_7,tab_5,"tab_5,tab_23,tab_24",0,0,1,20.0
272,tab_23,tab_23,"tab_23,tab_16,tab_5",1,1,1,20.0
273,tab_24,tab_24,"tab_24,tab_5,tab_7",1,1,1,20.0
274,tab_5,tab_5,"tab_5,tab_23,tab_24",1,1,1,20.0
275,tab_16,tab_16,"tab_16,tab_7,tab_23",1,1,1,20.0
276,tab_5,tab_7,"tab_7,tab_16,tab_24",0,0,1,20.0
277,tab_16,tab_16,"tab_16,tab_5,tab_7",1,1,1,20.0
278,tab_7,tab_7,"tab_7,tab_16,tab_24",1,1,1,20.0
279,tab_23,tab_23,"tab_23,tab_16,tab_24",1,1,1,20.0
280,tab_24,tab_24,"tab_24,tab_5,tab_7",1,1,1,20.0
281,tab_5,tab_5,"tab_5,tab_23,tab_24",1,1,1,20.0
282,tab_16,tab_16,"tab_16,tab_7,tab_23",1,1,1,20.0
283,tab_7,tab_7,"tab_7,tab_16,tab_24",1,1,1,20.0
284,tab_23,tab_23,"tab_23,tab_16,tab_24",1,1,1,20.0
285,tab_24,tab_24,"tab_24,tab_5,tab_7",1,1,1,20.0
286,tab_5,tab_5,"tab_5,tab_23,tab_24",1,1,1,20.0
287,tab_16,tab_16,"tab_16,tab_7,tab_23",1,1,1,20.0
288,tab_16,tab_7,"tab_7,tab_16,tab_24",0,1,1,20.0
289,tab_7,tab_7,"tab_7,tab_16,tab_24",1,1,1,20.0
290,tab_14,tab_23,"tab_23,tab_16,tab_24",0,0,0,100.0
291,tab_7,tab_5,"tab_5,tab_24,tab_23",0,0,1,20.0
292,tab_23,tab_23,"tab_23,tab_16,tab_24",1,1,1,20.0
293,tab_24,tab_24,"tab_24,tab_5,tab_7",1,1,1,20.0
294,tab_5,tab_5,"tab_5,tab_23,tab_24",1,1,1,20.0
295,tab_16,tab_16,"tab_16,tab_7,tab_23",1,1,1,20.0
296,tab_7,tab_7,"tab_7,tab_16,tab_24",1,1,1,20.0
297,tab_23,tab_23,"tab_23,tab_16,tab_24",1,1,1,20.0
298,tab_5,tab_24,"tab_24,tab_5,tab_7",0,1,1,20.0
299,tab_16,tab_16,"tab_16,tab_24,tab_5",1,1,1,20.0
300,tab_7,tab_7,"tab_7,tab_16,tab_24",1,1,1,20.0
301,tab_23,tab_23,"tab_23,tab_16,tab_24",1,1,1,20.0
302,tab_24,tab_24,"tab_24,tab_5,tab_7",1,1,1,20.0
303,tab_5,tab_5,"tab_5,tab_23,tab_24",1,1,1,20.0
304,tab_16,tab_16,"tab_16,tab_7,tab_23",1,1,1,20.0
305,tab_7,tab_7,"tab_7,tab_16,tab_24",1,1,1,20.0
306,tab_23,tab_23,"tab_23,tab_16,tab_24",1,1,1,20.0
307,tab_24,tab_24,"tab_24,tab_5,tab_7",1,1,1,20.0
308,tab_5,tab_5,"tab_5,tab_23,tab_24",1,1,1,20.0
309,tab_16,tab_16,"tab_16,tab_7,tab_23",1,1,1,20.0
310,tab_7,tab_7,"tab_7,tab_16,tab_24",1,1,1,20.0
311,tab_23,tab_23,"tab_23,tab_16,tab_24",1,1,1,20.0
312,tab_24,tab_24,"tab_24,tab_5,tab_7",1,1,1,20.0
313,tab_5,tab_5,"tab_5,tab_23,tab_24",1,1,1,20.0
314,tab_16,tab_16,"tab_16,tab_7,tab_23",1,1,1,20.0
315,tab_7,tab_7,"tab_7,tab_16,tab_24",1,1,1,20.0
316,tab_23,tab_23,"tab_23,tab_16,tab_24",1,1,1,20.0
317,tab_24,tab_24,"tab_24,tab_5,tab_7",1,1,1,20.0
318,tab_5,tab_5,"tab_5,tab_23,tab_24",1,1,1,20.0
319,tab_23,tab_16,"tab_16,tab_7,tab_23",0,1,1,20.0
320,tab_24,tab_24,"tab_24,tab_5,tab_7",1,1,1,20.0
321,tab_5,tab_5,"tab_5,tab_23,tab_24",1,1,1,20.0
322,tab_16,tab_16,"tab_16,tab_7,tab_23",1,1,1,20.0
323,tab_7,tab_7,"tab_7,tab_16,tab_24",1,1,1,20.0
324,tab_23,tab_23,"tab_23,tab_16,tab_24",1,1,1,20.0
325,tab_24,tab_24,"tab_24,tab_5,tab_7",1,1,1,20.0
326,tab_5,tab_5,"tab_5,tab_23,tab_24",1,1,1,20.0
327,tab_16,tab_16,"tab_16,tab_7,tab_23",1,1,1,20.0
328,tab_7,tab_7,"tab_7,tab_16,tab_24",1,1,1,20.0
329,tab_23,tab_23,"tab_23,tab_16,tab_24",1,1,1,20.0
330,tab_24,tab_24,"tab_24,tab_5,tab_7",1,1,1,20.0
331,tab_5,tab_5,"tab_5,tab_23,tab_24",1,1,1,20.0
332,tab_16,tab_16,"tab_16,tab_7,tab_23",1,1,1,20.0
333,tab_7,tab_7,"tab_7,tab_16,tab_24",1,1,1,20.0
334,tab_23,tab_23,"tab_23,tab_16,tab_24",1,1,1,20.0
335,tab_24,tab_24,"tab_24,tab_5,tab_7",1,1,1,20.0
336,tab_5,tab_5,"tab_5,tab_23,tab_24",1,1,1,20.0
337,tab_16,tab_16,"tab_16,tab_7,tab_23",1,1,1,20.0
338,tab_7,tab_7,"tab_7,tab_16,tab_24",1,1,1,20.0
339,tab_23,tab_23,"tab_23,tab_16,tab_24",1,1,1,20.0
340,tab_24,tab_24,"tab_24,tab_5,tab_7",1,1,1,20.0
341,tab_5,tab_5,"tab_5,tab_23,tab_24",1,1,1,20.0
342,tab_16,tab_16,"tab_16,tab_7,tab_23",1,1,1,20.0
343,tab_16,tab_7,"tab_7,tab_16,tab_24",0,1,1,20.0
344,tab_16,tab_7,"tab_7,tab_16,tab_24",0,1,1,20.0
345,tab_24,tab_7,"tab_7,tab_16,tab_24",0,1,1,20.0
346,tab_5,tab_5,"tab_5,tab_23,tab_24",1,1,1,20.0
347,tab_9,tab_16,"tab_16,tab_7,tab_23",0,0,1,20.0
348,tab_7,tab_24,tab_24,0,0,1,20.0
349,tab_23,tab_23,"tab_23,tab_16,tab_24",1,1,1,20.0
350,tab_24,tab_24,"tab_24,tab_5,tab_7",1,1,1,20.0
351,tab_5,tab_5,"tab_5,tab_23,tab_24",1,1,1,20.0
352,tab_16,tab_16,"tab_16,tab_7,tab_23",1,1,1,20.0
353,tab_13,tab_7,"tab_7,tab_16,tab_24",0,0,1,20.0
354,tab_5,tab_16,tab_16,0,0,1,20.0
355,tab_0,tab_16,"tab_16,tab_7,tab_23",0,0,1,20.0
356,tab_7,tab_7,"tab_7,tab_23",1,1,1,20.0
357,tab_5,tab_23,"tab_23,tab_16,tab_24",0,0,1,20.0
358,tab_16,tab_16,"tab_16,tab_7,tab_23",1,1,1,20.0
359,tab_7,tab_7,"tab_7,tab_16,tab_24",1,1,1,20.0
360,tab_23,tab_23,"tab_23,tab_16,tab_24",1,1,1,20.0
361,tab_24,tab_24,"tab_24,tab_5,tab_7",1,1,1,20.0
362,tab_5,tab_5,"tab_5,tab_23,tab_24",1,1,1,20.0
363,tab_16,tab_16,"tab_16,tab_7,tab_23",1,1,1,20.0
364,tab_7,tab_7,"tab_7,tab_16,tab_24",1,1,1,20.0
365,tab_23,tab_23,"tab_23,tab_16,tab_24",1,1,1,20.0
366,tab_24,tab_24,"tab_24,tab_5,tab_7",1,1,1,20.0
367,tab_5,tab_5,"tab_5,tab_23,tab_24",1,1,1,20.0
368,tab_16,tab_16,"tab_16,tab_7,tab_23",1,1,1,20.0
369,tab_7,tab_7,"tab_7,tab_16,tab_24",1,1,1,20.0
370,tab_23,tab_23,"tab_23,tab_16,tab_24",1,1,1,20.0
371,tab_24,tab_24,"tab_24,tab_5,tab_7",1,1,1,20.0
372,tab_23,tab_5,"tab_5,tab_23,tab_24",0,1,1,20.0
373,tab_24,tab_24,"tab_24,tab_5,tab_7",1,1,1,20.0
374,tab_5,tab_5,"tab_5,tab_23,tab_24",1,1,1,20.0
375,tab_16,tab_16,"tab_16,tab_7,tab_23",1,1,1,20.0
376,tab_7,tab_7,"tab_7,tab_16,tab_24",1,1,1,20.0
377,tab_23,tab_23,"tab_23,tab_16,tab_24",1,1,1,20.0
378,tab_5,tab_24,"tab_24,tab_5,tab_7",0,1,1,20.0
379,tab_16,tab_16,"tab_16,tab_24,tab_5",1,1,1,20.0
380,tab_7,tab_7,"tab_7,tab_16,tab_24",1,1,1,20.0
381,tab_23,tab_23,"tab_23,tab_16,tab_24",1,1,1,20.0
382,tab_24,tab_24,"tab_24,tab_5,tab_7",1,1,1,20.0
383,tab_16,tab_5,"tab_5,tab_23,tab_24",0,0,1,20.0
384,tab_7,tab_7,"tab_7,tab_16,tab_24",1,1,1,20.0
385,tab_7,tab_23,"tab_23,tab_16,tab_24",0,0,1,20.0
386,tab_23,tab_23,"tab_23,tab_16,tab_24",1,1,1,20.0
387,tab_24,tab_24,"tab_24,tab_5,tab_7",1,1,1,20.0
388,tab_5,tab_5,"tab_5,tab_23,tab_24",1,1,1,20.0
389,tab_16,tab_16,"tab_16,tab_7,tab_23",1,1,1,20.0
390,tab_7,tab_7,"tab_7,tab_16,tab_24",1,1,1,20.0
391,tab_23,tab_23,"tab_23,tab_16,tab_24",1,1,1,20.0
392,tab_24,tab_24,"tab_24,tab_5,tab_7",1,1,1,20.0
393,tab_5,tab_5,"tab_5,tab_23,tab_24",1,1,1,20.0
394,tab_16,tab_16,"tab_16,tab_7,tab_23",1,1,1,20.0
395,tab_7,tab_7,"tab_7,tab_16,tab_24",1,1,1,20.0
396,tab_23,tab_23,"tab_23,tab_16,tab_24",1,1,1,20.0
397,tab_24,tab_24,"tab_24,tab_5,tab_7",1,1,1,20.0
398,tab_5,tab_5,"tab_5,tab_23,tab_24",1,1,1,20.0
399,tab_16,tab_16,"tab_16,tab_7,tab_23",1,1,1,20.0
400,tab_7,tab_7,"tab_7,tab_16,tab_24",1,1,1,20.0
